Adjectives,SO value
excellent,0.345852275
great,0.336274476
terrific,0.307815886
nice,0.283639975
fantastic,0.281999205
good,0.280994851
decent,0.279563195
solid,0.277467318
wonderful,0.271441711
tremendous,0.271103611
marvelous,0.248282491
phenomenal,0.2409083
exciting,0.237765839
enjoy,0.236362642
enjoyed,0.23458076
strong,0.233295117
comfortable,0.227913477
ideal,0.224821597
confident,0.221774084
enjoyable,0.22157403
impressed,0.21966898
fabulous,0.216101438
excited,0.214250493
thoughtful,0.21352301
incredible,0.20895039
impressive,0.204502471
awesome,0.204008808
pleased,0.203550955
exceptional,0.203208227
capable,0.202779405
happy,0.201826015
balanced,0.201568363
proud,0.199907199
splendid,0.196566409
best,0.195369434
neat,0.195115168
perfect,0.193523127
amazing,0.191459903
formidable,0.191184249
thrilled,0.189250566
fun,0.18808472
sustainable,0.187898375
instrumental,0.185880563
equal,0.18513035
unique,0.184486581
definitely,0.184089843
pretty,0.182507788
worthy,0.179554342
attractive,0.179432574
grateful,0.178072684
classy,0.177776079
important,0.177738397
essential,0.175671801
healthy,0.174600313
superior,0.173583564
lovely,0.173211956
successful,0.17211677
affordable,0.171377525
blessed,0.170124215
interested,0.16971813
respectable,0.16919686
valuable,0.169128623
ready,0.167810177
doable,0.165278631
entertaining,0.164424265
welcome,0.164357109
productive,0.164222097
elegant,0.162030392
skill,0.161486639
tasty,0.16139958
relaxed,0.16049988
intelligent,0.160400469
congenial,0.159992613
satisfactory,0.158884659
thank,0.158450703
quite,0.15769871
fair,0.157068182
glad,0.15474875
viable,0.15423084
credible,0.153852191
garner,0.153416915
immense,0.151475451
reliable,0.151213871
real,0.150758057
interesting,0.150085614
full,0.150017376
stylish,0.149272683
support,0.148993703
succesful,0.148784818
suitable,0.14768028
affectionate,0.147559228
compelling,0.146683528
steady,0.1466604
intuitive,0.1465448
flexible,0.146516227
hopeful,0.146309768
gracious,0.145569837
efficient,0.145421081
inspiring,0.145078035
smooth,0.144909
active,0.144826069
straightforward,0.141936355
thankful,0.141910941
talented,0.141218905
brilliant,0.141031753
useful,0.139349234
sure,0.13931419
competitive,0.139311616
willing,0.137438021
smart,0.137210527
prosperous,0.136833105
depth,0.136788117
able,0.13603702
proper,0.135932656
humble,0.135763241
delicious,0.13569601
loyal,0.135653447
realistic,0.135209652
quality,0.134884667
lowkey,0.134035144
fellowship,0.132524024
helpful,0.132228155
enough,0.132152352
significant,0.132101174
pointe,0.132071112
fit,0.130723476
key,0.130644211
loved,0.12971981
respect,0.129455336
join,0.129314685
beautiful,0.129209251
table,0.128954293
wise,0.128563875
quick,0.128393218
gentle,0.12736976
encouraging,0.127313874
inspirational,0.12697418
keep,0.126614477
give,0.126537731
centenary,0.126054
united,0.125019436
crucial,0.124707614
durable,0.124633512
uplift,0.124347978
assemble,0.124202762
open,0.123672822
safe,0.122792983
speedy,0.122463695
pleasant,0.122192312
talent,0.121928983
rudimental,0.121880357
imperative,0.121324658
upped,0.120947739
maximum,0.120756452
priceless,0.120571515
stellar,0.120489494
polish,0.119877147
complete,0.119594818
handy,0.119399694
beneficial,0.11905605
honorable,0.118180516
add,0.11717793
necessary,0.117149068
qualified,0.116635317
cheerful,0.116426319
tonight,0.116339499
friendly,0.116163832
ultimate,0.115936678
guys,0.115636359
spiritual,0.115321959
enormous,0.115110524
plus,0.115025686
understanding,0.113723642
celebrated,0.11298283
responsive,0.112966541
abundant,0.11296642
bountiful,0.112448567
deserved,0.112335694
tenacious,0.112319278
peaceful,0.112238688
ball,0.112099379
hardworking,0.111169588
front,0.111057692
optimistic,0.110907658
top,0.110600154
eager,0.11059208
standout,0.11025672
flex,0.109234135
win,0.108933533
effective,0.108714414
finish,0.108415204
legitimate,0.106840633
bit,0.105764718
thanksgiving,0.105735364
extra,0.105125996
team,0.104900213
organic,0.104375798
adept,0.103878249
okay,0.1025323
dual,0.102371423
make,0.102062088
easy,0.101799673
viola,0.10168078
historic,0.101616124
think,0.101561266
prepared,0.101507271
professional,0.101483635
timely,0.101361734
transparent,0.101255015
nicer,0.100830242
like,0.100526796
picnic,0.100498633
argentine,0.100210507
fundamental,0.100011519
winning,0.099641654
worth,0.09832232
frank,0.097997538
mutual,0.097996816
shrewd,0.097389033
toast,0.097232453
fitness,0.096838629
choir,0.096521767
underrated,0.096456287
friendship,0.096394123
brunch,0.096287849
universal,0.096224531
level,0.095895406
extraordinary,0.095727071
talked,0.095635318
want,0.095398265
huge,0.095327666
little,0.095069882
improved,0.095061934
meal,0.094503041
laidback,0.094238343
fulfilling,0.094204168
invitational,0.09395318
big,0.093671233
hi,0.093655287
expansive,0.093354192
unite,0.09301805
come,0.092882305
bright,0.092875432
base,0.09269621
whilst,0.092558101
max,0.091943217
proactive,0.091584247
karim,0.090054573
touch,0.089961004
playful,0.089786359
upbeat,0.089704189
feels,0.08956596
befitting,0.089536921
ac3,0.089315925
love,0.089277232
goodnight,0.089102247
wow,0.089086057
undisputed,0.089056513
funday,0.089018188
sa,0.088288219
accurate,0.088189148
wonderfull,0.088177372
simple,0.088166248
prepare,0.088011886
jazzed,0.087583055
lean,0.087385243
goodbye,0.087223246
affirmative,0.08714324
tutorial,0.087100277
unbroken,0.087091589
yeah,0.086914405
main,0.086800258
see,0.086638434
creative,0.086599387
quiet,0.086501534
wide,0.086309597
invite,0.086293953
basic,0.08537271
available,0.085362084
preview,0.085359664
nifty,0.085213687
josh,0.084668348
high,0.083930089
visionary,0.08385819
absolute,0.083792984
young,0.083344435
interactive,0.083237038
super,0.082823641
classical,0.082798455
ll,0.082748393
clever,0.082273297
nick,0.081969407
hard,0.081866312
optional,0.081748924
treble,0.081344464
junior,0.081253681
enriched,0.081211899
athletic,0.081068144
smile,0.080654833
regular,0.080594241
alive,0.080033108
ulit,0.080009584
undecided,0.080009052
entice,0.079991205
dinner,0.079553843
technique,0.079275672
concept,0.079252124
wish,0.079061289
formal,0.078946196
sweeter,0.078913279
acceptable,0.078677616
looks,0.078521798
fast,0.078482135
outkicked,0.078331878
advanced,0.078199535
archi,0.078164677
orchestra,0.078027742
next,0.077727197
warm,0.077403944
intimate,0.077367382
close,0.07730924
essence,0.077203348
powerful,0.077198778
courageous,0.077154298
positive,0.077017451
progressive,0.076645296
mature,0.07651213
average,0.076318177
gorgeous,0.076200927
forum,0.076133118
right,0.07603427
spectacular,0.075940038
pure,0.075818653
achievement,0.0754915
possible,0.075476458
played,0.075357429
undying,0.075032927
aware,0.075031517
combo,0.074858082
snug,0.074708609
vocal,0.074414781
valid,0.074210088
casual,0.074194499
lightweight,0.074086688
calm,0.073909594
improtant,0.073777371
exclusive,0.073774441
additional,0.073707549
know,0.0736867
honorary,0.07345229
contemporary,0.073387748
special,0.072855833
inside,0.072790881
outdoor,0.072627518
abs,0.07258409
ground,0.072307134
native,0.072152541
convenient,0.07210679
sweet,0.071918754
explosive,0.071891424
receive,0.071764599
understand,0.071478594
myrtle,0.071409925
fine,0.071385241
victorious,0.071271981
rene,0.071251565
conceptual,0.071098977
rim,0.070932688
drum,0.07070223
present,0.070619167
signed,0.070179406
primary,0.070108436
cuppa,0.070102405
jiujitsu,0.070098122
scant,0.070006992
volleyball,0.069968651
homemade,0.069287914
proven,0.069245898
legs,0.06898687
raw,0.068972921
live,0.068936745
openin,0.068926814
glorious,0.068614507
lunch,0.068327897
final,0.068249227
endorsement,0.068107286
extragalactic,0.067776573
overall,0.067513505
acoustic,0.067338735
youth,0.067197715
hasan,0.067151774
vertical,0.067139129
square,0.06711636
irie,0.067078519
comfy,0.066894706
outside,0.066885982
alternative,0.066741543
mix,0.066701184
goosebumps,0.066528207
classic,0.066472117
got,0.066403381
clear,0.066146486
nut,0.066029471
infinite,0.065989295
favorite,0.065973049
reo,0.065696781
unstoppable,0.065573005
magic,0.06551145
pa,0.065490353
swick,0.065368446
und.com,0.065294521
speical,0.065224027
yes,0.06513154
yummy,0.064909942
entrepreneurship,0.064855805
trophy,0.064581724
mellow,0.064251695
tall,0.064209162
tough,0.064026098
electric,0.063763377
leading,0.063658565
marian,0.06364137
mount,0.063571651
rockin,0.063539055
ambitious,0.063531405
take,0.063515563
indivdual,0.06349878
direct,0.06307268
independent,0.062995397
spare,0.062526599
elected,0.062435706
patriotic,0.062410021
liberty,0.062391272
forums,0.062179594
dme,0.06188209
dressy,0.061849115
streamable,0.061727327
darn,0.06161773
ironman,0.061468448
marshall,0.061449532
properly,0.061072812
upgrade,0.061054604
critical,0.060970249
agree,0.060821583
large,0.060764877
spent,0.060670797
minimalistic,0.060641164
veteran,0.060520506
vegan,0.060495956
ull,0.060478248
garden,0.060453845
fb,0.060061543
legendary,0.059927188
lucky,0.059839539
upcoming,0.059639498
triangular,0.059500519
advance,0.059284275
indoor,0.059247563
golden,0.059170108
hp,0.059154417
art,0.059129583
indicative,0.05905814
club,0.058896211
relevant,0.058889372
gospel,0.058280907
lucy,0.058261697
busy,0.058158893
elite,0.058139682
confirm,0.058096228
nippy,0.057900657
promising,0.057594949
weekly,0.057461815
oldschool,0.057459873
much,0.057446636
hello,0.057422319
won,0.057314094
choose,0.057304741
martin,0.057279
annual,0.057236099
filling,0.057221946
bristol,0.057091548
7th,0.056978873
nirvana,0.05691401
halal,0.056855678
tight,0.056748021
judo,0.056682088
TRUE,0.056519643
physical,0.056508185
match,0.056384181
local,0.056141328
prime,0.055789623
future,0.055627872
beat,0.055573482
homegrown,0.055554589
toot,0.055069067
technical,0.054668356
fabric,0.054306037
grand,0.054014301
iconic,0.054009497
self,0.053986066
munich,0.053971291
yearly,0.053914282
unapologetic,0.053866326
link,0.053824814
strongside,0.053771881
zulu,0.053664877
amp,0.053492705
small,0.053482539
bangladesh,0.053389956
defensive,0.053331105
bless,0.053217096
please,0.053167118
joyous,0.053128671
listen,0.053090774
scoreboard,0.053070324
kris,0.053009897
tiring,0.052937715
answered,0.052875379
hotspur,0.05270659
same,0.052706212
goog,0.052696233
salsa,0.052425639
peyton,0.052115106
fellow,0.052001689
delish,0.051763226
batting,0.05170632
glue,0.051696028
deluxe,0.0515711
potential,0.05138183
historical,0.051201121
draw,0.050773537
dynamite,0.050591338
lift,0.050448254
hd,0.050215105
torah,0.050053354
international,0.049827086
dnr,0.049610304
traditional,0.049598648
bread,0.04950063
officiated,0.049485116
workshop,0.049394283
relative,0.049385517
envy,0.049335131
mile,0.049162776
somewhere,0.049137346
everton,0.04901943
senior,0.049019239
extended,0.049002857
hmv,0.048995317
fancy,0.048873171
cypress,0.048824783
technological,0.048791316
toni,0.0487579
low,0.048734659
coy,0.048568642
o2,0.048307251
autographs,0.047982692
whole,0.047930864
fresh,0.047790091
surveyor,0.047492636
married,0.047458711
bayern,0.047400437
thoroughly,0.047044186
crispy,0.046963134
bike,0.046900102
4th,0.046865681
particular,0.046774392
slight,0.046774174
l,0.046686682
stardust,0.046672136
tiered,0.046593242
rare,0.046431461
zen,0.046093932
whereas,0.0460756
polos,0.045998683
fond,0.045931113
5th,0.045921085
6th,0.045750102
regional,0.045718188
freestyle,0.045633094
soul,0.045603272
oppose,0.045552908
respective,0.045545474
rugby,0.045535252
bustle,0.045451056
guaranteed,0.045229777
surrey,0.045027968
rational,0.044939488
pass,0.044937277
jeff,0.0448752
matching,0.044855705
everyday,0.044854023
brief,0.044826578
hari,0.044803071
upper,0.044598394
sound,0.04453516
instant,0.044469086
berba,0.044396054
folks,0.044371038
eternal,0.044322917
fri,0.044194453
do,0.044039961
austin,0.044024318
lakes,0.043996524
irresistable,0.043857887
allstar,0.043769385
automatic,0.043671286
assistant,0.043580554
back,0.04351513
meg,0.043409304
diehard,0.043299066
evocative,0.043291756
kick,0.043285953
festive,0.04328407
rolling,0.043283353
first,0.043134572
odi,0.043077353
magical,0.043005066
+,0.043002805
thought,0.042992946
hungry,0.042849506
tours,0.042832227
standard,0.04282523
playin,0.042756324
oli,0.042630983
colorful,0.042627171
dravid,0.042396804
rudd,0.042255859
sam,0.042216817
youd,0.042195553
ethical,0.042157181
laugh,0.042134748
national,0.042131393
online,0.042069558
oven,0.042030777
thur,0.04202122
postive,0.041975633
double,0.041959683
click,0.041784669
x,0.041777206
suite,0.041405751
oval,0.041385708
cheddar,0.041354518
permanent,0.041265338
cathedral,0.041078212
obvious,0.040942592
waterfront,0.040936485
parmesan,0.040925219
sophisticated,0.040911764
celtic,0.040826696
understandable,0.040817763
seminar,0.040483552
new,0.040475449
nga,0.040432992
luxurious,0.040407048
grab,0.040250216
vod,0.04015267
up,0.039876548
spurs,0.039760211
s3,0.039753603
squeeze,0.039599275
solo,0.039583044
asu,0.039563534
swim,0.039419809
alliance,0.039416774
oz,0.039391014
lead,0.039250756
stage,0.039248619
tasting,0.039212207
@,0.039162891
rateable,0.0391572
chairperson,0.039008367
launch,0.03899342
cham,0.038959824
archive,0.038644623
park,0.038623449
parish,0.038485416
emotional,0.038437662
resurgent,0.038360064
upto,0.038343213
2nd,0.038250239
initial,0.038083729
only,0.037862103
vdv,0.037836398
timetable,0.03774936
lse,0.037690006
social,0.037596632
couple,0.037594037
corp,0.037410665
1,0.037010557
academic,0.036980768
joint,0.036851615
aerial,0.036847449
splash,0.036796623
graphical,0.036774868
nearby,0.036582021
julian,0.03655699
nat'l,0.036481957
applicable,0.036347674
sympathetic,0.036278383
gumbo,0.036163053
aft,0.036099892
3rd,0.035770156
mighty,0.035757854
long,0.035718571
s2,0.035616768
musical,0.035587713
ollie,0.03552769
tan,0.035525472
scheduled,0.035496073
asynchronous,0.035391491
former,0.035316762
sunny,0.035249108
different,0.035129193
planned,0.035022566
disappointed,0.03492882
tottenham,0.034855842
stiff,0.03467814
canteen,0.03466021
anxious,0.034654532
boys,0.034535898
belated,0.034508126
ma,0.034338956
journey,0.034308185
adidas,0.034246249
ipad,0.034233478
lifestyle,0.034107387
cheese,0.034021683
familiar,0.034003552
freshman,0.033992853
pray,0.033936981
1st,0.033883975
nz,0.033858053
ole,0.033641769
heaven,0.033594182
andre,0.033537509
swift,0.033408402
catholic,0.033371212
cultural,0.033313053
stoked,0.03319041
fitz,0.033101803
clean,0.033092573
sixth,0.032960164
nicki,0.032872022
type,0.032871348
cif,0.032650395
nottingham,0.032641162
trent,0.03259696
ooh,0.032592046
anna,0.032521614
tournament,0.032446192
riverside,0.032334491
pacific,0.032302327
intense,0.032265329
similar,0.032231542
bearable,0.032161728
aston,0.032093567
notre,0.032061692
unreal,0.032060175
bought,0.031965787
p.m,0.031935952
vh1,0.031876441
solar,0.03186175
updated,0.031791742
hey,0.031773041
neb,0.031674704
tong,0.031671124
bebop,0.031588747
ymca,0.031523475
jammy,0.0313836
fish,0.031288548
mt,0.031266974
newcastle,0.031223514
naman,0.031099841
cool,0.031085363
popular,0.031046542
tea,0.031034121
opening,0.031021696
roasted,0.031012884
nathan,0.030990718
papa,0.030956528
concordia,0.030940699
manchester,0.030845139
dwight,0.030788945
n9,0.030751844
alli,0.030454923
w,0.030328775
memorial,0.030258935
overseas,0.030206637
champ,0.030186027
factual,0.030138091
eggs,0.030103877
deep,0.030102215
sana,0.03000549
se,0.029929151
phil,0.029922368
ti,0.02992078
involved,0.029823066
secondary,0.02975605
airsoft,0.02970412
pouch,0.029621988
no.1,0.02956669
brad,0.029500267
gosh,0.029489421
kbs,0.029405158
total,0.029371393
bellamy,0.029266942
pole,0.029184823
peg,0.029074466
trey,0.02904753
map,0.028935931
adorable,0.028909745
barre,0.028878943
fifty,0.028830132
nobel,0.028597551
free,0.028321643
follow,0.028257154
till,0.028252596
beta,0.028173501
rahul,0.028132097
voted,0.028048111
animated,0.027909672
zac,0.027853301
surprised,0.027776245
rich,0.027753737
andy,0.027639588
steal,0.027539177
ish,0.027532042
aggressive,0.027159007
exact,0.027147526
unveils,0.026952261
ebay,0.026922116
reopen,0.026897749
diego,0.02666624
opposite,0.02659634
jr,0.026567686
crushable,0.026398029
lotsa,0.026304808
curious,0.026244879
feeling,0.026170476
okc,0.026117033
triple,0.026103826
marginal,0.026060681
poetic,0.026014218
apt,0.025976231
versus,0.025969501
joing,0.025936523
typical,0.025875125
speech,0.02580452
toby,0.025720546
save,0.025583647
lor,0.025576684
arsenal,0.025522911
ani,0.025356894
wary,0.025292079
santos,0.025201645
mesquite,0.025164629
cup,0.025072503
salmon,0.025058502
hart,0.025021213
yerba,0.025011296
iguana,0.024947649
gee,0.024928181
analytic,0.024902252
papal,0.024739052
ruby,0.024738428
splendiferous,0.024724657
ivory,0.024359029
green,0.024127995
matt,0.02406332
luch,0.024001195
rural,0.023959782
youve,0.023907636
audio,0.023883359
friend,0.023864094
ac,0.023782604
correct,0.02377492
jun,0.023651952
project,0.023632054
carlton,0.023570413
goa,0.023541254
tcu,0.023404563
theyre,0.023394086
central,0.023226307
profile,0.023180656
atomic,0.022821808
funny,0.022722566
skin,0.022709432
gong,0.022707336
sexy,0.022681154
loveable,0.022679853
page,0.022516498
evra,0.02250019
grade,0.022482513
glass,0.022465134
sf,0.022460231
french,0.022353268
mga,0.022336236
holiday,0.022304573
italian,0.022264954
holy,0.022241758
near,0.022129018
stunning,0.022058496
simplest,0.022024687
own,0.022024069
luckily,0.021949946
miss,0.021945452
email,0.021861929
mid,0.021846009
saint,0.021830222
odd,0.021814179
untouchable,0.021736196
p,0.021635099
ubuntu,0.021626652
text,0.021604395
digital,0.021536965
morn,0.021490044
francisco,0.021444458
lap,0.021442548
sebastian,0.021402917
lake,0.021292182
christmas,0.02126865
hybrid,0.021267628
ooooh,0.021185699
deca,0.021165008
loose,0.021104044
commentary,0.021002046
jimmy,0.020887263
downtown,0.020742301
aet,0.020730852
drive,0.020679747
margarita,0.020577507
sami,0.020563512
tbs,0.020513114
neil,0.020462212
break,0.020453828
theyll,0.020407196
brick,0.020360583
murray,0.020326903
dear,0.02029958
file,0.020273477
overdue,0.020001546
taiwanese,0.019984114
ice,0.019914913
url,0.019877704
nap,0.019686115
fr,0.019676536
viewed,0.019512447
dish,0.019470493
du,0.019425147
frst,0.01941819
wed,0.019339985
leonard,0.019308883
second,0.019251862
watch,0.019224556
uniform,0.019182093
concerned,0.019154484
bell,0.019154476
java,0.019143468
en,0.019119223
nigel,0.019110225
sooo,0.019009516
unlikely,0.018933068
kenny,0.018857018
td,0.018779389
rd,0.018732769
retro,0.018726498
danny,0.018670161
fired,0.018596328
tom,0.018566853
loud,0.018507803
hamstring,0.018417355
booyah,0.018400203
difficult,0.018230404
s,0.018178616
v,0.018140142
eastern,0.018081187
valentine,0.018075619
flat,0.018068338
eleven,0.017902316
sober,0.01786055
offensive,0.017844641
worldwide,0.017724466
creek,0.017712466
become,0.017708316
famous,0.017568307
neal,0.017465115
amsterdam,0.017312564
sta,0.017238453
northeast,0.017220079
lantern,0.017120824
chicken,0.017076436
exhausted,0.017039695
australian,0.016973915
satin,0.016961616
nuit,0.01691891
vinny,0.016907722
harold,0.016818604
solus,0.01681722
steamboat,0.016720024
chelsea,0.016669654
uni,0.016641244
finale,0.016638554
winnin,0.016631984
agad,0.016627087
elementary,0.016615989
nat,0.016606988
grown,0.016528729
esp,0.016480251
previ,0.016251249
ws,0.016198443
linear,0.016185849
eid,0.016162866
ap,0.016152212
pm,0.016129339
screenshot,0.016059392
fran,0.015956357
conservative,0.015936665
private,0.015792749
thin,0.015693047
ankle,0.015671017
reggie,0.015604996
e,0.015562086
vs,0.015461696
nadal,0.015425321
raleigh,0.015424118
expected,0.015318905
shrimp,0.015271767
foam,0.01511612
carol,0.015114433
dvd,0.015030549
cuban,0.015001898
wr,0.014986105
ian,0.014968785
texas,0.01489492
liverpool,0.014879377
march,0.014842065
economic,0.01482345
grabbed,0.014769253
div,0.014717219
photo,0.014590415
nandito,0.014555438
cuddy,0.01451952
ny,0.014474504
persona,0.014445562
threshold,0.014412001
cebu,0.014373238
unloaded,0.014370125
global,0.014237706
naval,0.014232332
tour,0.014219278
sunday,0.014191792
uga,0.014135724
mk,0.014110037
info,0.014087455
comic,0.013998921
san,0.013987681
conspicuous,0.013919892
lt,0.013910083
ucla,0.013848159
socal,0.013843289
wrestle,0.013733943
minnesota,0.01372575
brazil,0.013562441
virginia,0.013461072
shannon,0.01336039
damn,0.01328433
latin,0.013228547
dental,0.013186229
eat,0.013170588
saw,0.013126353
trick,0.013115823
anderson,0.013008403
hall,0.012920846
implicit,0.012834002
ung,0.012809483
taks,0.012759792
mike,0.012726145
int'l,0.012527291
normal,0.012513862
stevie,0.012500905
aug,0.012491519
serious,0.012469565
heated,0.01244865
knoxville,0.012322261
dad,0.012154286
tune,0.01198058
sneak,0.011972119
lutheran,0.011815761
senate,0.011774623
rb,0.011763867
sharp,0.011736288
tt,0.011717745
tian,0.01169702
eng,0.011665195
manuel,0.011575343
leg,0.011568683
saturday,0.011505754
nina,0.011478872
walk,0.011407603
toa,0.011306078
navi,0.011290876
lp,0.011241216
fa,0.011157092
usual,0.011118399
toddy,0.010986026
legal,0.010750295
ang,0.010699007
ps,0.010693505
crossed,0.01065624
used,0.010571172
popcorn,0.010511625
derby,0.010445839
noel,0.010437633
il,0.010370656
soft,0.010232548
oooo,0.01011809
southside,0.010086124
modern,0.010045464
jim,0.01002748
cooling,0.010024003
pick,0.010023737
dela,0.009947255
bull,0.009940278
q4,0.009916555
public,0.009914866
stole,0.00989985
joseph,0.009794295
chocolate,0.009781408
guild,0.009760956
crystal,0.009706053
sandy,0.009671256
knee,0.009610367
moon,0.009601035
religious,0.009589339
early,0.009442256
arch,0.00935105
rebecca,0.009258897
universe,0.009202068
few,0.009058841
dowtown,0.009056446
cme,0.009045409
aye,0.00896128
arcade,0.008895211
does'nt,0.008888627
sheridan,0.008838806
bold,0.008804274
subliminal,0.008802192
ten,0.008798691
heard,0.008788063
joe,0.008783101
kitty,0.008772337
metroplex,0.008713521
centrum,0.00864791
neck,0.008642486
screen,0.008574386
ofcourse,0.00857222
~,0.008547452
third,0.008543016
perf,0.008444601
funeral,0.008390896
sarkozy,0.008209843
christopher,0.008164888
sori,0.008138788
monument,0.007934985
comedy,0.007922905
derrick,0.007911301
dale,0.007875151
hilarious,0.007846359
gladden,0.007835682
ol,0.007719268
electricity,0.007698902
pipe,0.00767089
xy,0.007654777
hockey,0.007628364
update,0.007593393
morton,0.007520627
dj,0.007505182
watching,0.007502447
craig,0.007346929
omen,0.007288017
twilight,0.007264769
morgan,0.007247897
middle,0.007220285
sheen,0.007120073
flesh,0.007057924
half,0.006990487
egyptian,0.006676264
squee,0.00666765
picky,0.006603956
welfare,0.006534307
entire,0.006450238
pumped,0.006392764
espn2,0.00634438
mixed,0.006322506
modric,0.006316286
net,0.006306763
sixteen,0.006272834
inferior,0.006222888
queen,0.006205681
video,0.006081535
further,0.00599675
english,0.005994759
china,0.005951843
thigh,0.005911861
january,0.005911812
aussie,0.005889096
spa,0.00587973
uhm,0.005795934
si,0.005759407
train,0.005627918
indiana,0.005612014
lefty,0.005428489
mini,0.005395334
artsy,0.005325872
sri,0.005271733
dammit,0.005258541
mary,0.005197062
midweek,0.005183365
hong,0.005172704
salesman,0.005162681
bulletproof,0.005151819
chit,0.005140086
featherweight,0.005121854
cal,0.005026341
hopin,0.005018761
specific,0.004969347
walking,0.004905788
d,0.004886401
gameday,0.004846328
robbie,0.00482835
thrown,0.0048
hk,0.004792926
kc,0.004776939
goose,0.004670888
li,0.004589745
sooooo,0.004579032
oud,0.004376201
cumin,0.004376058
smith,0.004208577
hill,0.004141613
poet,0.004115479
tog,0.004004863
scramble,0.003961277
wear,0.003941726
daylight,0.003936628
captain,0.003652816
ex,0.003597982
mental,0.003521894
radio,0.003436526
grandmas,0.003345292
eyewear,0.003280021
watchin,0.003272418
diet,0.003262097
pastel,0.003181575
slant,0.003173841
chest,0.003140945
lady,0.003135711
kentucky,0.00313247
nurses,0.003122289
north,0.003082697
partial,0.003031066
unfamiliar,0.002967202
virtual,0.002798917
nexus,0.002716622
gold,0.002704382
jeremy,0.002568704
lagos,0.002537199
orange,0.002525814
martha,0.002491469
douglas,0.002456799
protective,0.002437714
cute,0.002418448
indianapolis,0.002385128
nachos,0.002342657
consecutive,0.002325555
hear,0.002094125
major,0.002052039
animal,0.002028334
utd,0.002023123
iii,0.001987372
dana,0.001950488
cole,0.001748135
groin,0.001718346
>,0.001674602
carnival,0.001667922
dashboard,0.001532242
ohio,0.001472684
everyweek,0.001462483
degree,0.001412301
such,0.001367583
curtis,0.001173698
lfc,0.001171079
huh,0.001134397
mrs,0.001120636
heat,0.00109954
wrist,0.001055601
collectible,0.00101986
mobile,0.001009638
eden,0.000972657
samsung,0.000959404
funtastic,0.000939775
industrial,0.000891778
preseason,0.000857865
booked,0.000742368
rosa,0.000737722
doubtful,0.000564225
east,0.000548227
buffalo,0.000507931
minute,0.00038437
gaga,0.000366181
daily,0.000230473
sj,0.000125086
mormon,4.92E-05
lei,-2.39E-05
todd,-0.000149674
flip,-0.000165591
la,-0.000238179
paul,-0.000282695
barcelona,-0.000488119
sat,-0.00051448
jae,-0.000549785
oo,-0.000557946
ako,-0.000654478
bean,-0.000770088
german,-0.000781993
a1,-0.000827578
orchard,-0.001079245
nit,-0.001083875
hull,-0.001088421
shopping,-0.001140092
visa,-0.001157374
feb,-0.001177221
cleverly,-0.001354419
natal,-0.001365321
portal,-0.001427689
id,-0.00146559
visual,-0.001635755
sophia,-0.001699706
i,-0.001731922
buddy,-0.001769684
unborn,-0.001828573
contrary,-0.001876249
northern,-0.001888355
t,-0.001911392
waitin,-0.001965613
sun,-0.001969255
demolish,-0.002145399
festival,-0.002174213
purdue,-0.002252429
n,-0.002284237
wembley,-0.002427715
gary,-0.002428947
nationwide,-0.002446294
indian,-0.00245844
bay,-0.00251361
tuesday,-0.002545186
ascot,-0.002618284
upload,-0.002644755
sian,-0.002645166
jailed,-0.002690002
cheep,-0.002704598
web,-0.002713903
aaron,-0.002855399
niceness,-0.00288599
gigantic,-0.002961171
snake,-0.002972399
gc,-0.002977727
italy,-0.003124454
plural,-0.003138364
cardiff,-0.0032571
cast,-0.003317088
ow,-0.003333369
sela,-0.003390812
lewis,-0.003535879
original,-0.003646376
ericsson,-0.003650922
midnight,-0.004003071
split,-0.004166995
kung,-0.004210956
eh,-0.004226495
atlantic,-0.004230667
arkansas,-0.004256274
jealous,-0.00428227
south,-0.004391026
cupid,-0.00441289
walmart,-0.004413931
nani,-0.004431011
boise,-0.004543567
ahhh,-0.00474752
countdown,-0.004775621
apps,-0.004862416
madrid,-0.00488296
monday,-0.004899364
georgetown,-0.004909646
holidays,-0.004986204
lpg,-0.005168783
eko,-0.005273342
principal,-0.005330221
birthday,-0.005347741
alaska,-0.005622217
navy,-0.005668589
mario,-0.00574279
laptop,-0.005791763
alert,-0.005845334
losing,-0.005846065
danish,-0.005935867
plaza,-0.005943822
unable,-0.006041366
discs,-0.006117701
genetic,-0.006167186
david,-0.006180756
glam,-0.006189132
touching,-0.006204145
allison,-0.006239775
capt,-0.00624038
manual,-0.006249874
royal,-0.0062645
mine,-0.006320875
calle,-0.006361644
trek,-0.006363565
invisible,-0.006498019
fantasy,-0.006500119
looper,-0.006506026
lowered,-0.006534115
bionic,-0.006540497
le,-0.006542966
dvr,-0.006583964
sherbet,-0.006635782
gear,-0.006865317
valley,-0.006891117
umbrella,-0.006911077
tony,-0.00696167
olive,-0.007029612
enchanted,-0.007087361
ave,-0.007174821
arrival,-0.007222539
several,-0.007271363
ipl,-0.00728433
west,-0.007285543
australia,-0.007294165
beanie,-0.007345256
shy,-0.007402121
abc,-0.007451158
john,-0.007513661
galaxy,-0.007556185
ipa,-0.007580479
antonio,-0.007739451
temple,-0.007748938
grammy,-0.00781168
headshot,-0.007827749
blue,-0.007835637
thunderbolt,-0.007837558
republican,-0.007851807
gay,-0.007986224
parallel,-0.008001143
incarcerated,-0.008035017
evelyn,-0.00808272
nephew,-0.008112061
selective,-0.008146171
wun,-0.008178454
sen,-0.008190196
ive,-0.00825594
justin,-0.008281944
penn,-0.008300413
cheap,-0.008300958
subject,-0.008355181
hell,-0.008394348
responsible,-0.008414191
august,-0.008520375
feelin,-0.008540674
sleep,-0.008545365
novak,-0.008598982
strip,-0.008605443
force,-0.008617036
jaune,-0.008668195
ocho,-0.008688481
certain,-0.008692965
sent,-0.008726097
slow,-0.008730796
stadium,-0.008736258
sep,-0.008762053
fourth,-0.008933519
override,-0.009000436
syracuse,-0.009037007
human,-0.009218934
coral,-0.009269246
dry,-0.009317894
relisted,-0.009363165
uploaded,-0.009378225
use,-0.009416457
diane,-0.009554565
swag,-0.009679502
general,-0.00969935
facial,-0.009746734
have,-0.00975326
missed,-0.009835164
cosmic,-0.009848809
tornadoes,-0.009908698
gobble,-0.009978156
fox,-0.010029201
conan,-0.010127477
actual,-0.010135942
king,-0.010136777
library,-0.010209525
bible,-0.010264665
dr,-0.010275633
unicef,-0.010295928
palestinian,-0.010323054
t'was,-0.010431786
edmonton,-0.010460034
shia,-0.010518108
touchdown,-0.010572995
anniversary,-0.010677211
fro,-0.010679335
blank,-0.010727644
gunna,-0.010762693
pokemon,-0.010795673
sem,-0.010948668
oreo,-0.010953083
dive,-0.010960784
vcd,-0.010978901
costa,-0.011028917
michael,-0.011030154
underground,-0.011042158
voluminous,-0.011048785
villa,-0.011080477
ben,-0.011101265
qian,-0.011105637
nasa,-0.011151681
newport,-0.011169424
newman,-0.01126884
manic,-0.011373954
aberdeen,-0.011418378
resident,-0.011423066
mascherano,-0.011477838
oh,-0.011552467
hank,-0.011575154
flush,-0.011609067
female,-0.011629175
carter,-0.011664824
kansas,-0.011715535
steve,-0.011803159
fame,-0.011858159
academy,-0.011921659
posterior,-0.011927977
jason,-0.011932132
lough,-0.012006505
patrick,-0.01202729
rome,-0.012174348
autumn,-0.012190069
milk,-0.012254725
absent,-0.012306355
oc,-0.012435999
ronaldo,-0.012455398
hunted,-0.012528672
current,-0.012566728
thursday,-0.012697525
negros,-0.012725939
femme,-0.012732883
nurse,-0.012735123
anne,-0.012738317
diablo,-0.012972726
obsessive,-0.012992529
loading,-0.013077558
dog,-0.013110164
niece,-0.013244268
outta,-0.013342768
wing,-0.013409676
blackpool,-0.01344726
lena,-0.013483724
parade,-0.0135177
single,-0.013701089
christian,-0.01370872
ed,-0.013727841
verbal,-0.013752378
oso,-0.013784064
xue,-0.013788467
home,-0.013847908
lemon,-0.013894488
nebraska,-0.01393765
electoral,-0.013972554
akin,-0.014011468
ricky,-0.014085239
shang,-0.014100715
argus,-0.014140115
robert,-0.014159911
kirby,-0.014165199
accused,-0.01417622
bale,-0.014221718
guilty,-0.014314199
madre,-0.014342392
bert,-0.01439537
spanish,-0.014552679
shawn,-0.014588448
duke,-0.014616458
shan,-0.014814855
cena,-0.014836719
alex,-0.014884822
drivin,-0.015033088
documentary,-0.015047065
personal,-0.015059435
pi,-0.015181359
hip,-0.01526992
ahl,-0.015315452
camilla,-0.015328918
bored,-0.015397051
ted,-0.01540608
doo,-0.015425681
childrens,-0.015506758
untill,-0.015512765
lloyd,-0.015531197
luke,-0.015551367
nokia,-0.015552699
flabbergasted,-0.015631543
mr,-0.015782603
sumthin,-0.015867406
paranormal,-0.01590656
steele,-0.015945312
julia,-0.015964069
nun,-0.016041446
glasgow,-0.016206145
pink,-0.016214496
ep,-0.016297818
political,-0.016303361
nam,-0.016449431
cougar,-0.016467215
mick,-0.016506433
sidney,-0.016507291
iona,-0.016534683
castle,-0.016616462
uma,-0.016651617
joey,-0.016658109
laughin,-0.016665985
rumble,-0.01667912
disappointing,-0.016726829
andrew,-0.016762036
smash,-0.016869203
chief,-0.016872895
sensitive,-0.016950644
nicole,-0.017014974
dublin,-0.017034362
upa,-0.017080225
lost,-0.017093305
metro,-0.017096007
sony,-0.017098962
closed,-0.017191078
spread,-0.017221253
romantic,-0.017262144
android,-0.017275508
sky,-0.017286654
tomb,-0.017323434
mon,-0.017328872
tim,-0.017371073
b,-0.017547436
sneaky,-0.017566896
sept,-0.01758484
tomato,-0.017691813
uncle,-0.017772052
sch,-0.017797695
harden,-0.017820918
bathe,-0.017822973
sean,-0.017839417
beverly,-0.017853278
chong,-0.017941687
dec,-0.01801044
eli,-0.018045219
fairfax,-0.018067022
hot,-0.018090905
eek,-0.01817458
liam,-0.018204295
taj,-0.018233674
impossible,-0.018264613
shaky,-0.0182694
futuristic,-0.018495742
fl,-0.018528598
yah,-0.018530551
idiosyncratic,-0.018565145
talkin,-0.018600239
gt,-0.018629419
xml,-0.018678915
winter,-0.01873134
jordan,-0.0187476
airborne,-0.018903969
havent,-0.019008487
librarian,-0.019045633
fragment,-0.019134147
wont,-0.019182138
leavin,-0.019303421
call,-0.019306758
stephen,-0.019338863
heros,-0.01937926
fang,-0.019423526
japanese,-0.019431801
ordinary,-0.019577411
civil,-0.019579911
nfl,-0.01961062
giant,-0.019658226
aww,-0.019677589
jack,-0.019740844
wavy,-0.019771629
utah,-0.019874563
grandma,-0.019985621
wah,-0.01999295
msu,-0.020003654
elvis,-0.020031083
holi,-0.020156356
cant,-0.020160954
gregory,-0.020162522
boro,-0.020221407
gutted,-0.020434487
provincial,-0.020441989
dan,-0.020533833
god,-0.020562888
nother,-0.020580394
nayak,-0.020632223
pj,-0.020654165
activated,-0.020719737
desperate,-0.020793828
addictive,-0.02081067
noisy,-0.020823583
artist,-0.02089577
sanchez,-0.020910527
mega,-0.02100739
nude,-0.021221881
van,-0.021277262
ferry,-0.021432712
yahoo,-0.021434061
irish,-0.021510325
delhi,-0.021523168
old,-0.021555698
norway,-0.021603249
thurs,-0.021621189
baba,-0.021778458
amused,-0.021788048
financial,-0.021789934
puppy,-0.02190946
netflix,-0.02194852
frustrating,-0.02208215
felix,-0.022085801
sac,-0.022120222
openly,-0.022149627
presidential,-0.022156302
mesa,-0.022168575
awkward,-0.022192355
git,-0.0222331
london,-0.022401203
al,-0.022415234
luck,-0.022427996
wednesday,-0.02246822
uncertain,-0.022501419
stuffed,-0.022587949
urban,-0.022589075
hole,-0.022638965
batman,-0.022708929
reg,-0.022778601
tired,-0.022816734
pug,-0.02289414
naruto,-0.022934215
birth,-0.022934771
liao,-0.023064711
iad,-0.023114608
somethin,-0.023133895
cain,-0.023173372
army,-0.023176273
sia,-0.023197777
nikon,-0.02323109
ryan,-0.023264092
jan,-0.023355221
tampa,-0.023455664
sigh,-0.023635997
tonga,-0.023732977
massive,-0.023823709
emerald,-0.023826318
dwts,-0.023862098
harris,-0.02387965
pappy,-0.023909787
official,-0.023944114
hail,-0.023949859
johnny,-0.023973225
smarty,-0.023974703
louisville,-0.024032071
adelaide,-0.024134684
espy,-0.024144693
istanbul,-0.024144934
postal,-0.024157585
leo,-0.02420191
unemployed,-0.024203705
epic,-0.024227212
ard,-0.024238295
cong,-0.02425008
lee,-0.024280186
boring,-0.024387882
cardigan,-0.024531767
nervous,-0.024645031
unreleased,-0.024739645
kita,-0.024779649
western,-0.024859455
j,-0.024889976
cow,-0.02489996
greek,-0.02491989
military,-0.024940617
pti,-0.024977945
eric,-0.025010091
danielle,-0.025010733
cao,-0.025017625
chase,-0.025127414
mean,-0.025133756
suspicious,-0.025242348
malleable,-0.02526554
empty,-0.025268626
edinburgh,-0.025279
grumble,-0.0253028
pal,-0.025367561
um,-0.025403776
commercial,-0.025502723
ash,-0.025517907
crashed,-0.025546921
stop,-0.025603081
nova,-0.025608155
dou,-0.025682153
temporary,-0.025737593
duck,-0.025766023
doma,-0.025771605
mccarthy,-0.025793063
hahah,-0.025871779
gamble,-0.025874023
sag,-0.025912802
superficial,-0.025929791
rough,-0.02603614
woah,-0.026052179
nrl,-0.026096895
latino,-0.026114079
dispatch,-0.026115777
alma,-0.026118241
mexican,-0.02616804
warrior,-0.026233574
couch,-0.026350658
feverish,-0.026356865
male,-0.026428345
kok,-0.026463596
mere,-0.026734939
spastic,-0.026815129
helsinki,-0.026832176
__,-0.026996945
urself,-0.027113262
uh,-0.027193434
*,-0.027287608
guns,-0.02732435
calgary,-0.027328776
gan,-0.027363704
straight,-0.027413235
eb,-0.027435524
infant,-0.027474758
forget,-0.027523589
unc,-0.02755823
driving,-0.027599644
pig,-0.027615192
dense,-0.027679602
rt,-0.027682436
manhattan,-0.027839348
secret,-0.027874053
google,-0.027963901
marxist,-0.027984051
madonna,-0.028170258
away,-0.028249511
haha,-0.028255399
espn,-0.028398173
india,-0.028479065
lucas,-0.028481012
katie,-0.02850795
surreal,-0.028545864
tedious,-0.028594546
unhappy,-0.028637008
crazy,-0.028717742
homecoming,-0.028754769
monkey,-0.028766357
usin,-0.02889134
minor,-0.028967853
serial,-0.028982632
carl,-0.02908153
redundant,-0.029214983
fragile,-0.029234435
indonesia,-0.029279875
gut,-0.029385394
other,-0.029473113
anno,-0.02962988
hurricane,-0.029682544
gluten,-0.029693716
norfolk,-0.029759755
gov,-0.029829215
leh,-0.029994716
hair,-0.030009386
belfast,-0.030057571
intergalactic,-0.030066009
ao,-0.030113556
nothin,-0.030254473
edgar,-0.03029505
sci,-0.030344407
yong,-0.030544092
hee,-0.030627787
seth,-0.030697036
sms,-0.030737313
oversized,-0.030770742
chinese,-0.030819784
jonathan,-0.030853765
residential,-0.03095497
lah,-0.031040167
forehead,-0.031136002
chris,-0.031138414
makeup,-0.031186828
say,-0.031313564
g,-0.031354716
scan,-0.031415061
white,-0.031425938
last,-0.031638424
garret,-0.031779815
alan,-0.031818087
gross,-0.031865818
common,-0.031906853
anticipated,-0.032351631
exited,-0.032353296
hous,-0.032356495
betrayed,-0.032402445
hog,-0.032599031
sweden,-0.03265955
hm,-0.032919427
doug,-0.032959904
sister,-0.0329733
owl,-0.033097212
injured,-0.033237776
asia,-0.033319092
wiener,-0.033347543
barack,-0.033356616
larry,-0.03335985
european,-0.03336311
weak,-0.03338535
erotic,-0.033719563
aboriginal,-0.034086143
amy,-0.034200482
har,-0.034208022
else,-0.034235422
u,-0.034275885
detroit,-0.034331648
oct,-0.034333563
africa,-0.034348178
superstardom,-0.034444547
freakin,-0.034475086
somalia,-0.034479974
hospital,-0.034494626
murdered,-0.034616447
martian,-0.034628099
fumble,-0.034632085
short,-0.034638585
louis,-0.034776452
portugal,-0.034942884
garlic,-0.03495409
simon,-0.034964271
sarah,-0.034979778
malaysian,-0.035051503
anonymous,-0.035080093
pakistani,-0.0351192
singapore,-0.035178035
song,-0.035280425
blackops,-0.035281689
quarterly,-0.035378662
amanda,-0.035419565
wichita,-0.035424758
nth,-0.035480122
expensive,-0.035526945
haley,-0.035534033
album,-0.035542669
sox,-0.035704788
consumed,-0.035826068
eerie,-0.035980018
dull,-0.035993684
kingdom,-0.036161325
teenaged,-0.036161944
rocky,-0.036223511
many,-0.036330211
toronto,-0.036440798
nyt,-0.036460245
steph,-0.036609687
distant,-0.036635327
fuggin,-0.036664691
user,-0.036664767
candy,-0.036684652
rascal,-0.036761185
oooh,-0.036889837
residual,-0.036893371
mateys,-0.036986992
pumpkin,-0.037029722
fuzzy,-0.037140561
euro,-0.037390709
betty,-0.037408328
oklahoma,-0.037468404
newsweek,-0.037661436
republic,-0.03773752
pump,-0.037743879
tech,-0.037904061
rita,-0.037914481
corporate,-0.037948181
perpetual,-0.037951925
novel,-0.037971638
nissan,-0.038022126
wan,-0.038029464
skinny,-0.038044124
kiss,-0.038081874
down,-0.03811215
suns,-0.038211004
lou,-0.038297046
following,-0.038363915
adam,-0.038440626
sexual,-0.038573823
african,-0.038659274
kyle,-0.038708293
groggy,-0.038726153
furious,-0.0387272
blocky,-0.038774466
nyse,-0.038871478
anemic,-0.039067889
uk,-0.039078993
george,-0.039184827
owen,-0.039297407
past,-0.03937565
unrealistic,-0.039473284
reid,-0.039544881
el,-0.039620326
punk,-0.039624789
hmm,-0.03973232
silly,-0.039780176
nike,-0.03979237
wet,-0.039824337
blocked,-0.039830115
simpson,-0.039898223
february,-0.040036298
uptown,-0.040071845
merican,-0.040196757
shoeless,-0.040286454
cat,-0.040339587
trippy,-0.04039038
loco,-0.040460512
wendy,-0.040488267
arraignment,-0.040488611
costume,-0.04053124
nashville,-0.040673375
yai,-0.040789388
forgotten,-0.040805203
tryin,-0.040810657
upset,-0.04090626
zachary,-0.040997513
reflex,-0.041237135
bangla,-0.041322381
pete,-0.041360074
nigeria,-0.041365471
innocent,-0.041553361
kevin,-0.041619678
ups,-0.041655501
marijuana,-0.04180884
comical,-0.041865543
turkish,-0.041898412
april,-0.042059348
los,-0.042126921
wilt,-0.042228897
novosti,-0.042414422
unknown,-0.042517003
rowdy,-0.042595844
sudden,-0.042716968
shimmery,-0.042886856
sb,-0.042893859
mall,-0.042910073
purple,-0.042968656
je,-0.043022953
hittin,-0.043080013
grrr,-0.043102404
illinois,-0.043201097
nov,-0.043216126
fuckin,-0.04329844
vulnerable,-0.043348634
roman,-0.043396064
yellow,-0.043549773
friday,-0.043567119
gop,-0.04359251
okami,-0.043602057
alexandra,-0.043616792
jean,-0.043642888
nigga,-0.044249944
thursdays,-0.044386398
harddrive,-0.044591825
imaginary,-0.044606859
homeless,-0.044738018
jose,-0.044807473
unlucky,-0.044819789
ufc,-0.044890473
clash,-0.045291452
alfred,-0.045294697
pussy,-0.045354756
korea,-0.04551712
un,-0.045565854
elizabeth,-0.045634083
amplified,-0.045732573
british,-0.045746121
teddy,-0.045853297
shit,-0.045930118
seattle,-0.046017001
scold,-0.046117409
hahaha,-0.046139711
tribal,-0.046187368
penis,-0.046193178
bjp,-0.046320502
disabled,-0.046717652
sardar,-0.046878247
taylor,-0.046935417
nikki,-0.046979041
chicago,-0.047017842
silent,-0.047052136
postponed,-0.047130008
umm,-0.047137187
canadian,-0.047146674
echo,-0.047171953
umd,-0.047226563
bec,-0.047264858
boy,-0.047417427
hereditary,-0.047515715
ufo,-0.047586685
angel,-0.047936652
snoop,-0.048254954
congressional,-0.048323756
kelsey,-0.048361344
snow,-0.048784486
eu,-0.049027686
neato,-0.049085553
asian,-0.049167224
unfair,-0.049364255
later,-0.049800327
black,-0.049850415
donnie,-0.049872577
rocked,-0.050092424
socialist,-0.050134579
usa,-0.050149007
homos,-0.050152606
ax,-0.050218143
pretentious,-0.050314635
pakistan,-0.050319141
broncos,-0.050334569
potus,-0.050482944
sweetheart,-0.050488538
likely,-0.05054179
mum,-0.050549924
upon,-0.050586681
piss,-0.050748834
sorry,-0.050842416
boyfriend,-0.050941066
melbourne,-0.05100385
elimination,-0.051108025
nhl,-0.051148516
siri,-0.051164107
blur,-0.051164874
desperation,-0.051276757
destroyer,-0.051363587
ie,-0.051514043
bash,-0.051547405
rick,-0.051580112
dork,-0.051861433
olivia,-0.051905647
dress,-0.051912206
bear,-0.051937749
ladyfriend,-0.052035564
ass,-0.052088304
macs,-0.052452213
worried,-0.052560915
mohawk,-0.052618211
marilyn,-0.052858409
russian,-0.052989085
akita,-0.053175633
ump,-0.053179699
dislocated,-0.053259641
psycho,-0.05331466
lect,-0.053318077
weary,-0.053322056
cliff,-0.053544796
raccoon,-0.053555071
aol,-0.053631336
cowboys,-0.053797848
lietenant,-0.053807752
vague,-0.053869142
giveaway,-0.054007345
uc,-0.054076166
graphic,-0.054185477
mad,-0.054256364
cit,-0.054599503
unsynchronised,-0.055032016
flash,-0.055032692
brian,-0.055123439
brown,-0.055418716
mommy,-0.055460141
weirder,-0.055482912
write,-0.055559139
carrie,-0.055606523
radical,-0.055618984
daft,-0.055919621
nighttime,-0.05601721
brit,-0.056029335
billboard,-0.056140394
chiefs,-0.056331587
bitten,-0.056449955
weird,-0.056534198
janet,-0.056596122
girl,-0.056641592
payday,-0.056652985
florida,-0.056782276
fat,-0.056807491
germany,-0.057002567
isreal,-0.057030732
dope,-0.057142452
charlotte,-0.057170803
suicide,-0.057185571
dong,-0.057193187
ahoy,-0.057243754
utterly,-0.057604422
scott,-0.057621653
naked,-0.057633396
referee,-0.0578439
wild,-0.057862518
borderline,-0.057942496
ms,-0.058041159
flashpoint,-0.058191929
recent,-0.058210749
artificial,-0.058248765
york,-0.058271681
slept,-0.058437431
den,-0.058585861
left,-0.05872964
atlanta,-0.059481676
chick,-0.059638266
smackdown,-0.059645129
avril,-0.059739789
chill,-0.059816993
hahahaha,-0.059891868
awful,-0.059928178
fiona,-0.059930295
overplayed,-0.059964357
mexico,-0.060027319
september,-0.060029961
garbage,-0.060150648
miami,-0.060288485
ego,-0.060319785
peanut,-0.060324231
daytona,-0.060406034
hype,-0.060416265
daddy,-0.060716938
philippine,-0.060908954
rid,-0.060979027
martial,-0.061072839
nian,-0.061212737
nevada,-0.061362278
cindy,-0.061567189
nanny,-0.061619328
cvs,-0.061705997
irrelevant,-0.061893113
american,-0.06189986
teen,-0.061992503
alien,-0.062026803
parent,-0.062169514
foreign,-0.062217763
caught,-0.062300837
waterlogged,-0.06247118
oversize,-0.062552692
ginormous,-0.062616166
denial,-0.06266144
iranian,-0.06267145
poop,-0.062790302
ridic,-0.063002585
sonny,-0.063026944
hidden,-0.063029022
^,-0.063036987
wayne,-0.063042726
alexander,-0.063152661
gothic,-0.063251519
tic,-0.063269382
uncharted,-0.063353106
sad,-0.063397197
saudi,-0.063420294
disney,-0.063511849
ranty,-0.063941163
michel,-0.064202614
smp,-0.064385696
snarky,-0.064596677
sleepy,-0.064608134
unknowns,-0.064856059
wacky,-0.064861677
unseen,-0.065028356
toyota,-0.065072635
favre,-0.065344707
fuck,-0.065528942
porn,-0.065540723
niggas,-0.065654261
kou,-0.065769679
unconscious,-0.065964135
swan,-0.066082847
avoid,-0.066113635
strange,-0.066344297
november,-0.066575159
scared,-0.066637275
tattooed,-0.066706914
crush,-0.067113542
late,-0.067176501
venomous,-0.067537843
phoenix,-0.067569038
imp,-0.067572908
underwood,-0.067633677
=,-0.068148598
amazon,-0.068423999
prevalent,-0.068580568
karma,-0.068913667
nightclub,-0.069054287
rubbish,-0.069061616
lazy,-0.069067902
interminable,-0.069242177
heartbreaking,-0.069425368
xi,-0.069430157
suzanne,-0.06944977
rainy,-0.06959324
anythin,-0.06982021
kiddie,-0.070107168
donovan,-0.070208464
screwed,-0.070285186
paris,-0.070674492
sticky,-0.070753364
imperial,-0.070764212
maya,-0.070820373
heavy,-0.071150023
federal,-0.071167611
illegal,-0.071168853
october,-0.071178792
anti,-0.07123262
annoyed,-0.071417208
shrug,-0.071510148
kena,-0.071781093
wookiee,-0.072017616
nerd,-0.072035689
june,-0.072376569
bubble,-0.072433349
alcoholic,-0.072876771
filter,-0.073098554
mtv,-0.073110471
itv,-0.073303405
sucks,-0.0737383
obama,-0.073900446
covert,-0.073918137
vietnam,-0.074081941
fake,-0.074220443
previous,-0.074562114
ridiculous,-0.074758671
anarchy,-0.075031351
cover,-0.075224237
poor,-0.075323947
pathetic,-0.075419913
microsoft,-0.075728081
FALSE,-0.075728192
halloween,-0.07592488
ectasy,-0.076142963
dismal,-0.076181531
pissed,-0.076190231
villian,-0.076479628
snowy,-0.07650418
levi,-0.076781669
hilton,-0.076854558
freaking,-0.076859364
fucking,-0.076861694
fatale,-0.077079622
cancel,-0.077542988
cloud,-0.077639604
omigod,-0.078051814
korean,-0.0780769
slam,-0.078604055
confessional,-0.079338139
leaked,-0.079340413
hyped,-0.079348826
scary,-0.079580654
washington,-0.079709297
livejournal,-0.079745467
naughty,-0.080005702
lar,-0.080032951
liza,-0.080507815
flop,-0.08053422
phony,-0.080876322
december,-0.081446514
arrogant,-0.083200194
clueless,-0.083412231
fools,-0.083564961
extreme,-0.084151203
riots,-0.084166093
truant,-0.08420701
unluckiest,-0.084215455
ohh,-0.084359169
tryna,-0.084461774
selfish,-0.084463829
outlandish,-0.08465783
dangerous,-0.084725416
disgusted,-0.085122249
rude,-0.085480922
die,-0.085854949
unintentional,-0.085917679
america,-0.086353392
dead,-0.0864416
stan,-0.086520723
acta,-0.086538456
doc,-0.086719191
stereotypical,-0.086804794
ineffective,-0.087548014
newsworthy,-0.087629911
superstitious,-0.087858639
groundhog,-0.087999906
indonesian,-0.0882414
delirious,-0.088270923
israeli,-0.088311318
lousy,-0.08834378
sacramento,-0.088666685
suck,-0.088724553
clumsy,-0.088845729
episode,-0.089082106
fail,-0.089220935
creepy,-0.089658719
random,-0.089711498
cynical,-0.09027664
ralph,-0.090447681
reagan,-0.090509868
stepchild,-0.090685131
pregnant,-0.092089756
derivative,-0.092246211
israel,-0.092513399
pms,-0.092693009
embarrassed,-0.092861337
meme,-0.093621923
red,-0.094058104
cbs,-0.094149976
unjust,-0.094879841
drunk,-0.094977154
pirate,-0.095206372
depressed,-0.095592972
ouch,-0.095846421
secretive,-0.096127703
forgive,-0.096383962
ugh,-0.096475119
confused,-0.096869261
wrong,-0.097948841
gunplay,-0.099032925
prone,-0.099248909
f,-0.099966491
musty,-0.100498208
ghetto,-0.100686976
nauseous,-0.100752277
lame,-0.100820174
ill,-0.100858024
sick,-0.101349919
arbitrary,-0.101467702
scumbag,-0.102127885
dealt,-0.102233185
due,-0.103819836
psychotic,-0.104294467
controversial,-0.104563414
freaky,-0.104566574
romeo,-0.104746868
ambiguous,-0.104900989
fbi,-0.105073343
atrocious,-0.105500475
grim,-0.106663099
jailbait,-0.107040395
unrelated,-0.107473191
bitter,-0.107831492
dirty,-0.10806374
crappy,-0.10807085
hysterical,-0.108090288
dark,-0.108182553
shitty,-0.109091364
infernal,-0.109614578
angry,-0.109776764
unhatched,-0.109882336
questionable,-0.109942489
melodramatic,-0.110477154
cold,-0.111121254
unhealthy,-0.112145199
bloody,-0.112146017
overnight,-0.11368533
mysterious,-0.114275489
related,-0.114384256
zombie,-0.114973269
painful,-0.116441197
criminal,-0.117815647
confusing,-0.119301937
childish,-0.119699747
depressing,-0.121170014
abrupt,-0.121322716
frightening,-0.12166987
careless,-0.122057946
numb,-0.122467344
terrible,-0.122656905
haunted,-0.122677127
ignorant,-0.122900868
evil,-0.123380639
tooo,-0.12347156
sting,-0.123876244
rihanna,-0.125202034
armenian,-0.125476398
inconvenient,-0.12563962
petty,-0.12907889
shocking,-0.129403896
irritating,-0.129480904
dumb,-0.129582594
adulterous,-0.130369225
fucked,-0.130859184
outdated,-0.133977848
insensitive,-0.134622296
annoying,-0.135597136
cruel,-0.136103141
shameful,-0.136963775
insidious,-0.138378982
misguided,-0.138525306
dodgy,-0.141409319
impaired,-0.141515804
gruesome,-0.143244574
freddie,-0.144336531
hateful,-0.144771213
damaging,-0.145254669
troublesome,-0.145295149
stupid,-0.145916645
phantom,-0.147133338
horrible,-0.150565179
twisted,-0.150893862
drunken,-0.150932896
severe,-0.151698404
horrific,-0.151810957
filthy,-0.15415127
embarrassing,-0.154361576
risky,-0.162052931
negative,-0.166286296
nasty,-0.184792402
ugly,-0.185484092
unpleasant,-0.18612293
hideous,-0.195904827
toxic,-0.199215267
infamous,-0.200183154
bad,-0.280994797
